id_contrat;date_validite
29287557-020d-4aa3-884f-d8b646b3c6e2;2024-09-12T06:38:24
f6b01846-a6a5-408a-8aa5-211913dfeede;2024-09-11T10:26:24
7c4d06f7-e34f-4479-b8a2-3e8ae5cdd1dd;2024-09-11T23:00:09
6343e5f7-7e54-4241-ba02-1e7d291f3de5;2024-09-12T05:56:21
894ac41f-243a-45a7-b9f0-2ac7115b553f;2024-09-11T12:45:10
eacf24a3-22ad-4330-84a1-e26d8956ae0e;2024-09-12T03:03:37
8d56925d-1640-4e72-bd54-15a5a4afeac8;2024-09-12T03:00:44
e4109696-5cd3-459d-b611-6b4650ac19d6;2024-09-11T20:58:18
a548f31e-397f-4868-9ff7-7f9fba9ff37f;2024-09-12T05:58:32
0b44e8c5-aa8c-42b2-8b9a-26bcd2c7c4d6;2024-09-11T11:13:16
